,Tenure,MonthlyCharge,zMonthlyCharge,zTenure,Churn
3359,1.034561,127.4958,-1.0509027620338938,-1.2665562820208238,False
947,1.047382039,144.960655,-0.644205122682107,-1.266071427479588,False
2759,1.050155,157.4698,-0.3529092750034859,-1.265966562130257,False
3009,1.125218,169.9928,-0.06129079104799788,-1.2631278969933049,False
823,1.128335443,212.641455,0.9318527140099478,-1.263010004332999,False
4254,1.14019,127.525,-1.050222792399501,-1.2625616993402609,False
4396,1.15025,164.9715,-0.17821995286910236,-1.2621812592928638,False
