,MonthlyCharge,Tenure,Churn,Number
2611,140.0049,2.333094,False,2611
4133,149.9447,14.61014,False,4133
1813,220.161527,12.70583343,False,1813
4772,150.0208,7.354812,True,4772
5974,227.4754,61.51035,False,5974
4065,242.6326,20.84965,True,4065
814,95.005709,4.455386749,False,814
