,MonthlyCharge,Tenure
count,10000.0,10000.0
mean,172.6248162079,34.5261880889938
std,42.94309410754456,26.44306262928721
min,79.97886,1.00025934
25%,139.979239,7.91769359175
50%,167.4847,35.430506995
75%,200.734725,61.479795
max,290.160419,71.99928
