,Churn,Tenure,MonthlyCharge,zTenure,zMonthlyCharge
3009,False,1.125218,169.9928,-1.2631278969933049,-0.06129079104799788
2241,True,1.198203,169.9378,-1.2603678157945724,-0.06257155577031247
557,True,1.410971237,169.937833,-1.252321537646581,-0.06257078731147903
2855,True,1.462471,169.9447,-1.2503739658496984,-0.06241087801424017
53,True,1.55278221,169.944668,-1.2469586575979237,-0.06241162318644235
449,False,1.715329149,169.992756,-1.2408116034053442,-0.06129181565977513
3503,False,1.740498,169.9928,-1.2398597903966602,-0.06129079104799788
